Year,Host_City,Host_Country,NOC,Summer,Winter,Gold,Silver,Bronze,Total_Medals,Rating,Rank
2018,PyeongChang,KOR,NOR,False,True,22,17,12,51,112,1
2018,PyeongChang,KOR,GER,False,True,16,11,10,37,80,2
2018,PyeongChang,KOR,CAN,False,True,13,7,10,30,63,3
2018,PyeongChang,KOR,NED,False,True,7,8,9,24,46,4
2018,PyeongChang,KOR,SWE,False,True,7,10,1,18,42,5
2018,PyeongChang,KOR,USA,False,True,7,7,7,21,42,6
2018,PyeongChang,KOR,OAR,False,True,2,12,9,23,39,7
2018,PyeongChang,KOR,FRA,False,True,7,4,7,18,36,8
2018,PyeongChang,KOR,KOR,False,True,4,9,4,17,34,9
2018,PyeongChang,KOR,JPN,False,True,6,5,4,15,32,10
2018,PyeongChang,KOR,AUT,False,True,5,3,6,14,27,11
2018,PyeongChang,KOR,SUI,False,True,5,4,3,12,26,12
2018,PyeongChang,KOR,ITA,False,True,3,3,6,12,21,13
2018,PyeongChang,KOR,CZE,False,True,2,2,3,7,13,14
2018,PyeongChang,KOR,CHN,False,True,0,5,2,7,12,15
2018,PyeongChang,KOR,BLR,False,True,3,1,0,4,11,16
2018,PyeongChang,KOR,FIN,False,True,1,1,4,6,9,17
2018,PyeongChang,KOR,SVK,False,True,1,2,0,3,7,18
2018,PyeongChang,KOR,GBR,False,True,1,0,3,4,6,19
2018,PyeongChang,KOR,AUS,False,True,0,2,1,3,5,20
2018,PyeongChang,KOR,POL,False,True,1,0,2,3,5,21
2018,PyeongChang,KOR,HUN,False,True,1,0,0,1,3,22
2018,PyeongChang,KOR,SLO,False,True,0,1,1,2,3,23
2018,PyeongChang,KOR,UKR,False,True,1,0,0,1,3,24
2018,PyeongChang,KOR,BEL,False,True,0,1,0,1,2,25
2018,PyeongChang,KOR,ESP,False,True,0,0,2,2,2,26
2018,PyeongChang,KOR,NZL,False,True,0,0,2,2,2,27
2018,PyeongChang,KOR,KAZ,False,True,0,0,1,1,1,28
2018,PyeongChang,KOR,LAT,False,True,0,0,1,1,1,29
2018,PyeongChang,KOR,LIE,False,True,0,0,1,1,1,30
2016,Rio,BRA,USA,True,False,62,41,37,140,305,1
2016,Rio,BRA,GBR,True,False,30,27,17,74,161,2
2016,Rio,BRA,CHN,True,False,23,19,24,66,131,3
2016,Rio,BRA,RUS,True,False,23,18,19,60,124,4
2016,Rio,BRA,GER,True,False,20,12,15,47,99,5
2016,Rio,BRA,FRA,True,False,12,16,14,42,82,6
2016,Rio,BRA,JPN,True,False,13,9,22,44,79,7
2016,Rio,BRA,AUS,True,False,9,14,13,36,68,8
2016,Rio,BRA,ITA,True,False,8,13,8,29,58,9
2016,Rio,BRA,HUN,True,False,11,3,5,19,44,10
2016,Rio,BRA,KOR,True,False,9,3,9,21,42,11
2016,Rio,BRA,BRA,True,False,7,7,6,20,41,12
2016,Rio,BRA,NED,True,False,7,7,4,18,39,13
2016,Rio,BRA,ESP,True,False,8,4,6,18,38,14
2016,Rio,BRA,CAN,True,False,4,3,19,26,37,15
2016,Rio,BRA,NZL,True,False,4,9,5,18,35,16
2016,Rio,BRA,KAZ,True,False,3,5,9,17,28,17
2016,Rio,BRA,AZE,True,False,1,7,10,18,27,18
2016,Rio,BRA,DEN,True,False,2,6,8,16,26,19
2016,Rio,BRA,KEN,True,False,5,5,1,11,26,20
2016,Rio,BRA,JAM,True,False,4,5,2,11,24,21
2016,Rio,BRA,CRO,True,False,5,3,2,10,23,22
2016,Rio,BRA,CUB,True,False,5,2,4,11,23,23
2016,Rio,BRA,UZB,True,False,4,2,7,13,23,24
2016,Rio,BRA,UKR,True,False,2,6,4,12,22,25
2016,Rio,BRA,SWE,True,False,2,6,3,11,21,26
2016,Rio,BRA,RSA,True,False,2,6,2,10,20,27
2016,Rio,BRA,POL,True,False,2,3,6,11,18,28
2016,Rio,BRA,COL,True,False,3,2,3,8,16,29
2016,Rio,BRA,SRB,True,False,2,4,2,8,16,30
2016,Rio,BRA,BLR,True,False,1,4,4,9,15,31
2016,Rio,BRA,CZE,True,False,1,2,8,11,15,32
2016,Rio,BRA,IRI,True,False,3,1,4,8,15,33
2016,Rio,BRA,SUI,True,False,3,2,2,7,15,34
2016,Rio,BRA,PRK,True,False,2,3,2,7,14,35
2016,Rio,BRA,GRE,True,False,3,1,2,6,13,36
2016,Rio,BRA,TUR,True,False,1,3,4,8,13,37
2016,Rio,BRA,BEL,True,False,2,2,2,6,12,38
2016,Rio,BRA,GEO,True,False,2,1,4,7,12,39
2016,Rio,BRA,THA,True,False,2,2,2,6,12,40
2016,Rio,BRA,ARG,True,False,3,1,0,4,11,41
2016,Rio,BRA,ETH,True,False,1,2,4,7,11,42
2016,Rio,BRA,SVK,True,False,2,2,0,4,10,43
2016,Rio,BRA,ARM,True,False,1,3,0,4,9,44
2016,Rio,BRA,MEX,True,False,0,3,2,5,8,45
2016,Rio,BRA,SLO,True,False,1,2,1,4,8,46
2016,Rio,BRA,INA,True,False,1,2,0,3,7,47
2016,Rio,BRA,MAS,True,False,0,3,1,4,7,48
2016,Rio,BRA,ROU,True,False,1,1,2,4,7,49
2016,Rio,BRA,BRN,True,False,1,1,0,2,5,50
2016,Rio,BRA,LTU,True,False,0,1,3,4,5,51
2016,Rio,BRA,TPE,True,False,1,0,2,3,5,52
2016,Rio,BRA,VIE,True,False,1,1,0,2,5,53
2016,Rio,BRA,ALG,True,False,0,2,0,2,4,54
2016,Rio,BRA,BAH,True,False,1,0,1,2,4,55
2016,Rio,BRA,BUL,True,False,0,1,2,3,4,56
2016,Rio,BRA,CIV,True,False,1,0,1,2,4,57
2016,Rio,BRA,IOA,True,False,1,0,1,2,4,58
2016,Rio,BRA,IRL,True,False,0,2,0,2,4,59
2016,Rio,BRA,NOR,True,False,0,0,4,4,4,60
2016,Rio,BRA,VEN,True,False,0,1,2,3,4,61
2016,Rio,BRA,EGY,True,False,0,0,3,3,3,62
2016,Rio,BRA,FIJ,True,False,1,0,0,1,3,63
2016,Rio,BRA,IND,True,False,0,1,1,2,3,64
2016,Rio,BRA,JOR,True,False,1,0,0,1,3,65
2016,Rio,BRA,KOS,True,False,1,0,0,1,3,66
2016,Rio,BRA,MGL,True,False,0,1,1,2,3,67
2016,Rio,BRA,PUR,True,False,1,0,0,1,3,68
2016,Rio,BRA,SGP,True,False,1,0,0,1,3,69
2016,Rio,BRA,TJK,True,False,1,0,0,1,3,70
2016,Rio,BRA,TUN,True,False,0,0,3,3,3,71
2016,Rio,BRA,BDI,True,False,0,1,0,1,2,72
2016,Rio,BRA,GRN,True,False,0,1,0,1,2,73
2016,Rio,BRA,ISR,True,False,0,0,2,2,2,74
2016,Rio,BRA,NIG,True,False,0,1,0,1,2,75
2016,Rio,BRA,PHI,True,False,0,1,0,1,2,76
2016,Rio,BRA,QAT,True,False,0,1,0,1,2,77
2016,Rio,BRA,AUT,True,False,0,0,1,1,1,78
2016,Rio,BRA,DOM,True,False,0,0,1,1,1,79
2016,Rio,BRA,EST,True,False,0,0,1,1,1,80
2016,Rio,BRA,FIN,True,False,0,0,1,1,1,81
2016,Rio,BRA,MAR,True,False,0,0,1,1,1,82
2016,Rio,BRA,MDA,True,False,0,0,1,1,1,83
2016,Rio,BRA,NGR,True,False,0,0,1,1,1,84
2016,Rio,BRA,POR,True,False,0,0,1,1,1,85
2016,Rio,BRA,TTO,True,False,0,0,1,1,1,86
2016,Rio,BRA,UAE,True,False,0,0,1,1,1,87
2014,Sochi,RUS,NOR,False,True,18,5,12,35,76,1
2014,Sochi,RUS,RUS,False,True,15,7,10,32,69,2
2014,Sochi,RUS,NED,False,True,13,7,7,27,60,3
2014,Sochi,RUS,CAN,False,True,7,11,5,23,48,4
2014,Sochi,RUS,GER,False,True,8,9,5,22,47,5
2014,Sochi,RUS,USA,False,True,7,6,12,25,45,6
2014,Sochi,RUS,SWE,False,True,5,7,7,19,36,7
2014,Sochi,RUS,AUT,False,True,4,7,6,17,32,8
2014,Sochi,RUS,FRA,False,True,4,4,7,15,27,9
2014,Sochi,RUS,SUI,False,True,6,3,2,11,26,10
2014,Sochi,RUS,KOR,False,True,5,3,2,10,23,11
2014,Sochi,RUS,CZE,False,True,2,7,2,11,22,12
2014,Sochi,RUS,CHN,False,True,3,3,3,9,18,13
2014,Sochi,RUS,POL,False,True,4,1,2,7,16,14
2014,Sochi,RUS,JPN,False,True,1,4,4,9,15,15
2014,Sochi,RUS,SLO,False,True,2,2,4,8,14,16
2014,Sochi,RUS,BLR,False,True,4,0,1,5,13,17
2014,Sochi,RUS,ITA,False,True,0,2,7,9,11,18
2014,Sochi,RUS,FIN,False,True,1,2,1,4,8,19
2014,Sochi,RUS,GBR,False,True,1,1,2,4,7,20
2014,Sochi,RUS,LAT,False,True,0,2,3,5,7,21
2014,Sochi,RUS,AUS,False,True,0,2,1,3,5,22
2014,Sochi,RUS,SVK,False,True,1,0,0,1,3,23
2014,Sochi,RUS,UKR,False,True,1,0,0,1,3,24
2014,Sochi,RUS,CRO,False,True,0,1,0,1,2,25
2014,Sochi,RUS,KAZ,False,True,0,0,1,1,1,26
2012,London,UK,USA,True,False,55,24,30,109,243,1
2012,London,UK,CHN,True,False,41,32,22,95,209,2
2012,London,UK,GBR,True,False,31,16,21,68,146,3
2012,London,UK,RUS,True,False,20,21,29,70,131,4
2012,London,UK,GER,True,False,13,20,15,48,94,5
2012,London,UK,AUS,True,False,10,19,15,44,83,6
2012,London,UK,FRA,True,False,12,13,14,39,76,7
2012,London,UK,JPN,True,False,7,14,17,38,66,8
2012,London,UK,KOR,True,False,13,9,8,30,65,9
2012,London,UK,ITA,True,False,10,9,12,31,60,10
2012,London,UK,HUN,True,False,10,5,6,21,46,11
2012,London,UK,NED,True,False,6,8,8,22,42,12
2012,London,UK,UKR,True,False,6,5,10,21,38,13
2012,London,UK,ESP,True,False,4,10,5,19,37,14
2012,London,UK,IRI,True,False,5,6,2,13,29,15
2012,London,UK,BRA,True,False,3,5,9,17,28,16
2012,London,UK,CUB,True,False,5,3,7,15,28,17
2012,London,UK,NZL,True,False,6,2,5,13,27,18
2012,London,UK,JAM,True,False,3,7,3,13,26,19
2012,London,UK,CAN,True,False,1,5,11,17,24,20
2012,London,UK,CZE,True,False,4,3,4,11,22,21
2012,London,UK,BLR,True,False,2,5,3,10,19,22
2012,London,UK,DEN,True,False,2,4,3,9,17,23
2012,London,UK,KAZ,True,False,3,1,6,10,17,24
2012,London,UK,KEN,True,False,2,3,5,10,17,25
2012,London,UK,POL,True,False,3,1,6,10,17,26
2012,London,UK,AZE,True,False,2,2,6,10,16,27
2012,London,UK,ETH,True,False,3,2,3,8,16,28
2012,London,UK,ROU,True,False,1,5,3,9,16,29
2012,London,UK,PRK,True,False,4,0,2,6,14,30
2012,London,UK,RSA,True,False,3,2,1,6,14,31
2012,London,UK,SWE,True,False,1,4,3,8,14,32
2012,London,UK,COL,True,False,1,3,4,8,13,33
2012,London,UK,CRO,True,False,3,1,2,6,13,34
2012,London,UK,GEO,True,False,1,3,3,7,12,35
2012,London,UK,LTU,True,False,2,1,2,5,10,36
2012,London,UK,MEX,True,False,1,2,3,6,10,37
2012,London,UK,SUI,True,False,2,2,0,4,10,38
2012,London,UK,IRL,True,False,1,1,4,6,9,39
2012,London,UK,NOR,True,False,2,1,1,4,9,40
2012,London,UK,IND,True,False,0,2,4,6,8,41
2012,London,UK,TTO,True,False,1,1,3,5,8,42
2012,London,UK,ARG,True,False,1,1,2,4,7,43
2012,London,UK,EGY,True,False,0,3,1,4,7,44
2012,London,UK,MGL,True,False,0,2,3,5,7,45
2012,London,UK,SLO,True,False,1,1,2,4,7,46
2012,London,UK,SRB,True,False,1,1,2,4,7,47
2012,London,UK,TUN,True,False,2,0,1,3,7,48
2012,London,UK,THA,True,False,0,2,2,4,6,49
2012,London,UK,TUR,True,False,1,1,1,3,6,50
2012,London,UK,DOM,True,False,1,1,0,2,5,51
2012,London,UK,FIN,True,False,0,2,1,3,5,52
2012,London,UK,INA,True,False,0,2,1,3,5,53
2012,London,UK,SVK,True,False,0,1,3,4,5,54
2012,London,UK,UZB,True,False,1,0,2,3,5,55
2012,London,UK,BEL,True,False,0,1,2,3,4,56
2012,London,UK,BUL,True,False,0,1,2,3,4,57
2012,London,UK,LAT,True,False,1,0,1,2,4,58
2012,London,UK,TPE,True,False,1,0,1,2,4,59
2012,London,UK,ALG,True,False,1,0,0,1,3,60
2012,London,UK,ARM,True,False,0,1,1,2,3,61
2012,London,UK,BAH,True,False,1,0,0,1,3,62
2012,London,UK,BRN,True,False,1,0,0,1,3,63
2012,London,UK,EST,True,False,0,1,1,2,3,64
2012,London,UK,GRN,True,False,1,0,0,1,3,65
2012,London,UK,MAS,True,False,0,1,1,2,3,66
2012,London,UK,PUR,True,False,0,1,1,2,3,67
2012,London,UK,SGP,True,False,0,0,3,3,3,68
2012,London,UK,UGA,True,False,1,0,0,1,3,69
2012,London,UK,VEN,True,False,1,0,0,1,3,70
2012,London,UK,BOT,True,False,0,1,0,1,2,71
2012,London,UK,CYP,True,False,0,1,0,1,2,72
2012,London,UK,GAB,True,False,0,1,0,1,2,73
2012,London,UK,GRE,True,False,0,0,2,2,2,74
2012,London,UK,GUA,True,False,0,1,0,1,2,75
2012,London,UK,MNE,True,False,0,1,0,1,2,76
2012,London,UK,POR,True,False,0,1,0,1,2,77
2012,London,UK,QAT,True,False,0,0,2,2,2,78
2012,London,UK,AFG,True,False,0,0,1,1,1,79
2012,London,UK,CMR,True,False,0,0,1,1,1,80
2012,London,UK,HKG,True,False,0,0,1,1,1,81
2012,London,UK,KSA,True,False,0,0,1,1,1,82
2012,London,UK,KUW,True,False,0,0,1,1,1,83
2012,London,UK,MAR,True,False,0,0,1,1,1,84
2012,London,UK,TJK,True,False,0,0,1,1,1,85
2010,Vancouver,CAN,USA,False,True,9,17,14,40,75,1
2010,Vancouver,CAN,GER,False,True,9,14,8,31,63,2
2010,Vancouver,CAN,NOR,False,True,11,8,5,24,54,3
2010,Vancouver,CAN,CAN,False,True,12,6,4,22,52,4
2010,Vancouver,CAN,AUT,False,True,6,7,6,19,38,5
2010,Vancouver,CAN,KOR,False,True,6,7,2,15,34,6
2010,Vancouver,CAN,RUS,False,True,4,5,7,16,29,7
2010,Vancouver,CAN,CHN,False,True,7,2,3,12,28,8
2010,Vancouver,CAN,SWE,False,True,5,3,2,10,23,9
2010,Vancouver,CAN,SUI,False,True,6,0,3,9,21,10
2010,Vancouver,CAN,FRA,False,True,2,4,5,11,19,11
2010,Vancouver,CAN,NED,False,True,3,1,5,9,16,12
2010,Vancouver,CAN,CZE,False,True,2,0,5,7,11,13
2010,Vancouver,CAN,POL,False,True,1,3,2,6,11,14
2010,Vancouver,CAN,AUS,False,True,2,1,0,3,8,15
2010,Vancouver,CAN,ITA,False,True,1,1,3,5,8,16
2010,Vancouver,CAN,JPN,False,True,0,3,2,5,8,17
2010,Vancouver,CAN,BLR,False,True,1,1,1,3,6,18
2010,Vancouver,CAN,FIN,False,True,0,1,4,5,6,19
2010,Vancouver,CAN,SVK,False,True,1,1,1,3,6,20
2010,Vancouver,CAN,CRO,False,True,0,2,1,3,5,21
2010,Vancouver,CAN,SLO,False,True,0,2,1,3,5,22
2010,Vancouver,CAN,LAT,False,True,0,2,0,2,4,23
2010,Vancouver,CAN,GBR,False,True,1,0,0,1,3,24
2010,Vancouver,CAN,EST,False,True,0,1,0,1,2,25
2010,Vancouver,CAN,KAZ,False,True,0,1,0,1,2,26
2008,Beijing,CHN,USA,True,False,47,42,39,128,264,1
2008,Beijing,CHN,CHN,True,False,50,23,28,101,224,2
2008,Beijing,CHN,RUS,True,False,24,14,24,62,124,3
2008,Beijing,CHN,AUS,True,False,18,18,18,54,108,4
2008,Beijing,CHN,GBR,True,False,20,12,17,49,101,5
2008,Beijing,CHN,GER,True,False,20,10,15,45,95,6
2008,Beijing,CHN,FRA,True,False,9,16,20,45,79,7
2008,Beijing,CHN,KOR,True,False,15,10,7,32,72,8
2008,Beijing,CHN,ITA,True,False,8,9,12,29,54,9
2008,Beijing,CHN,JPN,True,False,9,8,10,27,53,10
2008,Beijing,CHN,CUB,True,False,3,10,16,29,45,11
2008,Beijing,CHN,ESP,True,False,5,11,4,20,41,12
2008,Beijing,CHN,UKR,True,False,7,4,11,22,40,13
2008,Beijing,CHN,NED,True,False,7,6,4,17,37,14
2008,Beijing,CHN,CAN,True,False,3,9,8,20,35,15
2008,Beijing,CHN,BLR,True,False,4,4,7,15,27,16
2008,Beijing,CHN,BRA,True,False,3,4,9,16,26,17
2008,Beijing,CHN,KEN,True,False,4,4,4,12,24,18
2008,Beijing,CHN,POL,True,False,4,5,2,11,24,19
2008,Beijing,CHN,HUN,True,False,3,6,2,11,23,20
2008,Beijing,CHN,NOR,True,False,3,5,1,9,20,21
2008,Beijing,CHN,ROU,True,False,4,1,6,11,20,22
2008,Beijing,CHN,JAM,True,False,3,4,1,8,18,23
2008,Beijing,CHN,NZL,True,False,3,2,5,10,18,24
2008,Beijing,CHN,CZE,True,False,3,3,1,7,16,25
2008,Beijing,CHN,GEO,True,False,3,2,2,7,15,26
2008,Beijing,CHN,SVK,True,False,3,3,0,6,15,27
2008,Beijing,CHN,DEN,True,False,2,2,3,7,13,28
2008,Beijing,CHN,KAZ,True,False,1,3,4,8,13,29
2008,Beijing,CHN,PRK,True,False,2,2,2,6,12,30
2008,Beijing,CHN,SUI,True,False,2,1,4,7,12,31
2008,Beijing,CHN,THA,True,False,2,2,2,6,12,32
2008,Beijing,CHN,ETH,True,False,2,2,1,5,11,33
2008,Beijing,CHN,ARG,True,False,2,0,4,6,10,34
2008,Beijing,CHN,MGL,True,False,2,2,0,4,10,35
2008,Beijing,CHN,AZE,True,False,1,1,4,6,9,36
2008,Beijing,CHN,INA,True,False,1,1,4,6,9,37
2008,Beijing,CHN,SLO,True,False,1,2,2,5,9,38
2008,Beijing,CHN,SWE,True,False,0,4,1,5,9,39
2008,Beijing,CHN,ZIM,True,False,1,3,0,4,9,40
2008,Beijing,CHN,BUL,True,False,1,1,3,5,8,41
2008,Beijing,CHN,LTU,True,False,0,3,2,5,8,42
2008,Beijing,CHN,TUR,True,False,1,1,3,5,8,43
2008,Beijing,CHN,CRO,True,False,0,2,3,5,7,44
2008,Beijing,CHN,FIN,True,False,1,1,2,4,7,45
2008,Beijing,CHN,MEX,True,False,2,0,1,3,7,46
2008,Beijing,CHN,NGR,True,False,0,2,3,5,7,47
2008,Beijing,CHN,TPE,True,False,1,1,2,4,7,48
2008,Beijing,CHN,ARM,True,False,0,1,4,5,6,49
2008,Beijing,CHN,BEL,True,False,2,0,0,2,6,50
2008,Beijing,CHN,LAT,True,False,1,1,1,3,6,51
2008,Beijing,CHN,TTO,True,False,0,3,0,3,6,52
2008,Beijing,CHN,DOM,True,False,1,1,0,2,5,53
2008,Beijing,CHN,EST,True,False,1,1,0,2,5,54
2008,Beijing,CHN,GRE,True,False,0,2,1,3,5,55
2008,Beijing,CHN,IND,True,False,1,0,2,3,5,56
2008,Beijing,CHN,POR,True,False,1,1,0,2,5,57
2008,Beijing,CHN,UZB,True,False,0,1,3,4,5,58
2008,Beijing,CHN,AUT,True,False,0,1,2,3,4,59
2008,Beijing,CHN,COL,True,False,0,1,2,3,4,60
2008,Beijing,CHN,IRI,True,False,1,0,1,2,4,61
2008,Beijing,CHN,IRL,True,False,0,1,2,3,4,62
2008,Beijing,CHN,KGZ,True,False,0,1,2,3,4,63
2008,Beijing,CHN,SRB,True,False,0,1,2,3,4,64
2008,Beijing,CHN,ALG,True,False,0,1,1,2,3,65
2008,Beijing,CHN,BAH,True,False,0,1,1,2,3,66
2008,Beijing,CHN,CMR,True,False,1,0,0,1,3,67
2008,Beijing,CHN,MAR,True,False,0,1,1,2,3,68
2008,Beijing,CHN,PAN,True,False,1,0,0,1,3,69
2008,Beijing,CHN,TJK,True,False,0,1,1,2,3,70
2008,Beijing,CHN,TUN,True,False,1,0,0,1,3,71
2008,Beijing,CHN,CHI,True,False,0,1,0,1,2,72
2008,Beijing,CHN,ECU,True,False,0,1,0,1,2,73
2008,Beijing,CHN,ISL,True,False,0,1,0,1,2,74
2008,Beijing,CHN,MAS,True,False,0,1,0,1,2,75
2008,Beijing,CHN,RSA,True,False,0,1,0,1,2,76
2008,Beijing,CHN,SAM,True,False,0,1,0,1,2,77
2008,Beijing,CHN,SGP,True,False,0,1,0,1,2,78
2008,Beijing,CHN,SUD,True,False,0,1,0,1,2,79
2008,Beijing,CHN,VIE,True,False,0,1,0,1,2,80
2008,Beijing,CHN,AFG,True,False,0,0,1,1,1,81
2008,Beijing,CHN,EGY,True,False,0,0,1,1,1,82
2008,Beijing,CHN,ISR,True,False,0,0,1,1,1,83
2008,Beijing,CHN,MDA,True,False,0,0,1,1,1,84
2008,Beijing,CHN,MRI,True,False,0,0,1,1,1,85
2008,Beijing,CHN,TOG,True,False,0,0,1,1,1,86
2008,Beijing,CHN,VEN,True,False,0,0,1,1,1,87
2006,Turin,ITA,GER,False,True,14,15,6,35,78,1
2006,Turin,ITA,AUT,False,True,12,6,7,25,55,2
2006,Turin,ITA,RUS,False,True,11,6,7,24,52,3
2006,Turin,ITA,CAN,False,True,7,11,6,24,49,4
2006,Turin,ITA,USA,False,True,8,8,8,24,48,5
2006,Turin,ITA,SWE,False,True,8,2,5,15,33,6
2006,Turin,ITA,NOR,False,True,2,8,9,19,31,7
2006,Turin,ITA,KOR,False,True,7,3,2,12,29,8
2006,Turin,ITA,SUI,False,True,4,4,5,13,25,9
2006,Turin,ITA,ITA,False,True,6,0,5,11,23,10
2006,Turin,ITA,NED,False,True,3,2,7,12,20,11
2006,Turin,ITA,CHN,False,True,2,4,5,11,19,12
2006,Turin,ITA,FRA,False,True,2,2,5,9,15,13
2006,Turin,ITA,FIN,False,True,0,5,3,8,13,14
2006,Turin,ITA,EST,False,True,3,0,0,3,9,15
2006,Turin,ITA,CZE,False,True,1,2,1,4,8,16
2006,Turin,ITA,CRO,False,True,1,2,0,3,7,17
2006,Turin,ITA,AUS,False,True,1,0,1,2,4,18
2006,Turin,ITA,JPN,False,True,1,0,0,1,3,19
2006,Turin,ITA,POL,False,True,0,1,1,2,3,20
2006,Turin,ITA,BLR,False,True,0,1,0,1,2,21
2006,Turin,ITA,BUL,False,True,0,1,0,1,2,22
2006,Turin,ITA,GBR,False,True,0,1,0,1,2,23
2006,Turin,ITA,SVK,False,True,0,1,0,1,2,24
2006,Turin,ITA,UKR,False,True,0,0,2,2,2,25
2006,Turin,ITA,LAT,False,True,0,0,1,1,1,26
2004,Athens,GRC,USA,True,False,43,42,28,113,241,1
2004,Athens,GRC,RUS,True,False,29,28,35,92,178,2
2004,Athens,GRC,CHN,True,False,30,17,14,61,138,3
2004,Athens,GRC,AUS,True,False,25,18,18,61,129,4
2004,Athens,GRC,GER,True,False,17,16,23,56,106,5
2004,Athens,GRC,JPN,True,False,19,10,15,44,92,6
2004,Athens,GRC,FRA,True,False,11,9,16,36,67,7
2004,Athens,GRC,GBR,True,False,9,13,13,35,66,8
2004,Athens,GRC,ITA,True,False,11,11,11,33,66,9
2004,Athens,GRC,KOR,True,False,10,12,9,31,63,10
2004,Athens,GRC,CUB,True,False,9,7,11,27,52,11
2004,Athens,GRC,ROU,True,False,11,4,6,21,47,12
2004,Athens,GRC,HUN,True,False,9,7,3,19,44,13
2004,Athens,GRC,UKR,True,False,8,5,9,22,43,14
2004,Athens,GRC,NED,True,False,4,9,10,23,40,15
2004,Athens,GRC,ESP,True,False,3,11,7,21,38,16
2004,Athens,GRC,GRE,True,False,6,6,4,16,34,17
2004,Athens,GRC,CAN,True,False,3,6,3,12,24,18
2004,Athens,GRC,BLR,True,False,2,5,6,13,22,19
2004,Athens,GRC,BRA,True,False,5,2,3,10,22,20
2004,Athens,GRC,TUR,True,False,3,3,5,11,20,21
2004,Athens,GRC,POL,True,False,3,2,5,10,18,22
2004,Athens,GRC,NOR,True,False,5,0,2,7,17,23
2004,Athens,GRC,SWE,True,False,4,2,1,7,17,24
2004,Athens,GRC,BUL,True,False,2,1,8,11,16,25
2004,Athens,GRC,AUT,True,False,2,4,1,7,15,26
2004,Athens,GRC,THA,True,False,3,1,4,8,15,27
2004,Athens,GRC,CZE,True,False,1,3,5,9,14,28
2004,Athens,GRC,KAZ,True,False,1,4,3,8,14,29
2004,Athens,GRC,RSA,True,False,2,3,2,7,14,30
2004,Athens,GRC,DEN,True,False,2,1,5,8,13,31
2004,Athens,GRC,JAM,True,False,3,1,2,6,13,32
2004,Athens,GRC,KEN,True,False,1,4,2,7,13,33
2004,Athens,GRC,NZL,True,False,3,2,0,5,13,34
2004,Athens,GRC,ETH,True,False,2,2,2,6,12,35
2004,Athens,GRC,IRI,True,False,2,2,2,6,12,36
2004,Athens,GRC,SVK,True,False,2,2,2,6,12,37
2004,Athens,GRC,TPE,True,False,2,2,1,5,11,38
2004,Athens,GRC,ARG,True,False,2,0,4,6,10,39
2004,Athens,GRC,GEO,True,False,2,2,0,4,10,40
2004,Athens,GRC,UZB,True,False,2,1,2,5,10,41
2004,Athens,GRC,CRO,True,False,1,2,2,5,9,42
2004,Athens,GRC,PRK,True,False,0,4,1,5,9,43
2004,Athens,GRC,EGY,True,False,1,1,3,5,8,44
2004,Athens,GRC,LAT,True,False,0,4,0,4,8,45
2004,Athens,GRC,MAR,True,False,2,1,0,3,8,46
2004,Athens,GRC,SUI,True,False,1,1,3,5,8,47
2004,Athens,GRC,AZE,True,False,1,0,4,5,7,48
2004,Athens,GRC,INA,True,False,1,1,2,4,7,49
2004,Athens,GRC,LTU,True,False,1,2,0,3,7,50
2004,Athens,GRC,MEX,True,False,0,3,1,4,7,51
2004,Athens,GRC,ZIM,True,False,1,1,1,3,6,52
2004,Athens,GRC,BEL,True,False,1,0,2,3,5,53
2004,Athens,GRC,POR,True,False,0,2,1,3,5,54
2004,Athens,GRC,SLO,True,False,0,1,3,4,5,55
2004,Athens,GRC,BAH,True,False,1,0,1,2,4,56
2004,Athens,GRC,CHI,True,False,1,0,1,2,4,57
2004,Athens,GRC,EST,True,False,0,1,2,3,4,58
2004,Athens,GRC,FIN,True,False,0,2,0,2,4,59
2004,Athens,GRC,ISR,True,False,1,0,1,2,4,60
2004,Athens,GRC,SCG,True,False,0,2,0,2,4,61
2004,Athens,GRC,CMR,True,False,1,0,0,1,3,62
2004,Athens,GRC,DOM,True,False,1,0,0,1,3,63
2004,Athens,GRC,UAE,True,False,1,0,0,1,3,64
2004,Athens,GRC,COL,True,False,0,0,2,2,2,65
2004,Athens,GRC,HKG,True,False,0,1,0,1,2,66
2004,Athens,GRC,IND,True,False,0,1,0,1,2,67
2004,Athens,GRC,NGR,True,False,0,0,2,2,2,68
2004,Athens,GRC,PAR,True,False,0,1,0,1,2,69
2004,Athens,GRC,VEN,True,False,0,0,2,2,2,70
2004,Athens,GRC,ERI,True,False,0,0,1,1,1,71
2004,Athens,GRC,MGL,True,False,0,0,1,1,1,72
2004,Athens,GRC,SYR,True,False,0,0,1,1,1,73
2004,Athens,GRC,TTO,True,False,0,0,1,1,1,74
2002,Salt Lake City,USA,GER,False,True,14,17,8,39,84,1
2002,Salt Lake City,USA,NOR,False,True,15,6,6,27,63,2
2002,Salt Lake City,USA,USA,False,True,8,11,8,27,54,3
2002,Salt Lake City,USA,CAN,False,True,8,2,7,17,35,4
2002,Salt Lake City,USA,AUT,False,True,3,4,11,18,28,5
2002,Salt Lake City,USA,RUS,False,True,5,3,5,13,26,6
2002,Salt Lake City,USA,FIN,False,True,6,3,1,10,25,7
2002,Salt Lake City,USA,ITA,False,True,4,4,4,12,24,8
2002,Salt Lake City,USA,FRA,False,True,4,4,3,11,23,9
2002,Salt Lake City,USA,NED,False,True,3,5,0,8,19,10
2002,Salt Lake City,USA,SUI,False,True,3,2,6,11,19,11
2002,Salt Lake City,USA,CHN,False,True,2,4,4,10,18,12
2002,Salt Lake City,USA,KOR,False,True,3,2,0,5,13,13
2002,Salt Lake City,USA,CRO,False,True,3,1,0,4,11,14
2002,Salt Lake City,USA,SWE,False,True,0,2,5,7,9,15
2002,Salt Lake City,USA,CZE,False,True,1,2,0,3,7,16
2002,Salt Lake City,USA,AUS,False,True,2,0,0,2,6,17
2002,Salt Lake City,USA,EST,False,True,1,1,1,3,6,18
2002,Salt Lake City,USA,BUL,False,True,0,1,2,3,4,19
2002,Salt Lake City,USA,GBR,False,True,1,0,1,2,4,20
2002,Salt Lake City,USA,JPN,False,True,0,1,1,2,3,21
2002,Salt Lake City,USA,POL,False,True,0,1,1,2,3,22
2002,Salt Lake City,USA,BLR,False,True,0,0,1,1,1,23
2002,Salt Lake City,USA,SLO,False,True,0,0,1,1,1,24
2000,Sydney,AUS,USA,True,False,40,25,32,97,202,1
2000,Sydney,AUS,RUS,True,False,30,30,27,87,177,2
2000,Sydney,AUS,AUS,True,False,21,33,17,71,146,3
2000,Sydney,AUS,CHN,True,False,25,14,13,52,116,4
2000,Sydney,AUS,GER,True,False,18,16,28,62,114,5
2000,Sydney,AUS,FRA,True,False,14,16,11,41,85,6
2000,Sydney,AUS,ITA,True,False,15,8,13,36,74,7
2000,Sydney,AUS,NED,True,False,12,12,5,29,65,8
2000,Sydney,AUS,CUB,True,False,11,11,7,29,62,9
2000,Sydney,AUS,GBR,True,False,11,11,7,29,62,10
2000,Sydney,AUS,ROU,True,False,14,5,9,28,61,11
2000,Sydney,AUS,KOR,True,False,10,10,10,30,60,12
2000,Sydney,AUS,HUN,True,False,9,7,3,19,44,13
2000,Sydney,AUS,UKR,True,False,3,11,10,24,41,14
2000,Sydney,AUS,JPN,True,False,5,9,6,20,39,15
2000,Sydney,AUS,BUL,True,False,5,6,2,13,29,16
2000,Sydney,AUS,POL,True,False,5,5,3,13,28,17
2000,Sydney,AUS,GRE,True,False,4,6,3,13,27,18
2000,Sydney,AUS,BLR,True,False,3,3,11,17,26,19
2000,Sydney,AUS,SWE,True,False,4,5,4,13,26,20
2000,Sydney,AUS,JAM,True,False,0,11,3,14,25,21
2000,Sydney,AUS,CAN,True,False,3,4,7,14,24,22
2000,Sydney,AUS,NOR,True,False,4,3,3,10,21,23
2000,Sydney,AUS,ESP,True,False,3,3,5,11,20,24
2000,Sydney,AUS,SUI,True,False,1,7,2,10,19,25
2000,Sydney,AUS,KAZ,True,False,3,4,0,7,17,26
2000,Sydney,AUS,BRA,True,False,0,5,6,11,16,27
2000,Sydney,AUS,CZE,True,False,2,3,3,8,15,28
2000,Sydney,AUS,ETH,True,False,3,1,3,7,14,29
2000,Sydney,AUS,KEN,True,False,2,3,2,7,14,30
2000,Sydney,AUS,DEN,True,False,2,3,1,6,13,31
2000,Sydney,AUS,INA,True,False,1,3,2,6,11,32
2000,Sydney,AUS,TUR,True,False,3,0,2,5,11,33
2000,Sydney,AUS,BAH,True,False,3,0,1,4,10,34
2000,Sydney,AUS,IRI,True,False,3,0,1,4,10,35
2000,Sydney,AUS,MEX,True,False,1,2,3,6,10,36
2000,Sydney,AUS,SVK,True,False,1,3,1,5,10,37
2000,Sydney,AUS,FIN,True,False,2,1,1,4,9,38
2000,Sydney,AUS,LTU,True,False,2,0,3,5,9,39
2000,Sydney,AUS,ALG,True,False,1,1,3,5,8,40
2000,Sydney,AUS,AUT,True,False,2,1,0,3,8,41
2000,Sydney,AUS,AZE,True,False,2,0,1,3,7,42
2000,Sydney,AUS,BEL,True,False,0,2,3,5,7,43
2000,Sydney,AUS,NGR,True,False,1,2,0,3,7,44
2000,Sydney,AUS,RSA,True,False,0,2,3,5,7,45
2000,Sydney,AUS,UZB,True,False,1,1,2,4,7,46
2000,Sydney,AUS,ARG,True,False,0,2,2,4,6,47
2000,Sydney,AUS,GEO,True,False,0,0,6,6,6,48
2000,Sydney,AUS,LAT,True,False,1,1,1,3,6,49
2000,Sydney,AUS,MAR,True,False,0,1,4,5,6,50
2000,Sydney,AUS,NZL,True,False,1,0,3,4,6,51
2000,Sydney,AUS,SLO,True,False,2,0,0,2,6,52
2000,Sydney,AUS,TPE,True,False,0,1,4,5,6,53
2000,Sydney,AUS,YUG,True,False,1,1,1,3,6,54
2000,Sydney,AUS,EST,True,False,1,0,2,3,5,55
2000,Sydney,AUS,PRK,True,False,0,1,3,4,5,56
2000,Sydney,AUS,THA,True,False,1,0,2,3,5,57
2000,Sydney,AUS,CRO,True,False,1,0,1,2,4,58
2000,Sydney,AUS,CMR,True,False,1,0,0,1,3,59
2000,Sydney,AUS,COL,True,False,1,0,0,1,3,60
2000,Sydney,AUS,KSA,True,False,0,1,1,2,3,61
2000,Sydney,AUS,MDA,True,False,0,1,1,2,3,62
2000,Sydney,AUS,MOZ,True,False,1,0,0,1,3,63
2000,Sydney,AUS,TTO,True,False,0,1,1,2,3,64
2000,Sydney,AUS,CRC,True,False,0,0,2,2,2,65
2000,Sydney,AUS,IRL,True,False,0,1,0,1,2,66
2000,Sydney,AUS,POR,True,False,0,0,2,2,2,67
2000,Sydney,AUS,SRI,True,False,0,1,0,1,2,68
2000,Sydney,AUS,URU,True,False,0,1,0,1,2,69
2000,Sydney,AUS,VIE,True,False,0,1,0,1,2,70
2000,Sydney,AUS,ARM,True,False,0,0,1,1,1,71
2000,Sydney,AUS,BAR,True,False,0,0,1,1,1,72
2000,Sydney,AUS,CHI,True,False,0,0,1,1,1,73
2000,Sydney,AUS,IND,True,False,0,0,1,1,1,74
2000,Sydney,AUS,ISL,True,False,0,0,1,1,1,75
2000,Sydney,AUS,ISR,True,False,0,0,1,1,1,76
2000,Sydney,AUS,KGZ,True,False,0,0,1,1,1,77
2000,Sydney,AUS,KUW,True,False,0,0,1,1,1,78
2000,Sydney,AUS,MKD,True,False,0,0,1,1,1,79
2000,Sydney,AUS,QAT,True,False,0,0,1,1,1,80
1998,Nagano,JPN,NOR,False,True,13,12,4,29,67,1
1998,Nagano,JPN,GER,False,True,11,9,6,26,57,2
1998,Nagano,JPN,RUS,False,True,10,6,3,19,45,3
1998,Nagano,JPN,CAN,False,True,6,4,4,14,30,4
1998,Nagano,JPN,JPN,False,True,7,1,4,12,27,5
1998,Nagano,JPN,USA,False,True,5,3,3,11,24,6
1998,Nagano,JPN,ITA,False,True,2,7,3,12,23,7
1998,Nagano,JPN,AUT,False,True,3,3,7,13,22,8
1998,Nagano,JPN,FIN,False,True,2,5,6,13,22,9
1998,Nagano,JPN,NED,False,True,3,4,2,9,19,10
1998,Nagano,JPN,KOR,False,True,3,2,1,6,14,11
1998,Nagano,JPN,FRA,False,True,2,1,5,8,13,12
1998,Nagano,JPN,SUI,False,True,2,2,3,7,13,13
1998,Nagano,JPN,CHN,False,True,0,4,3,7,11,14
1998,Nagano,JPN,CZE,False,True,1,1,1,3,6,15
1998,Nagano,JPN,SWE,False,True,0,2,1,3,5,16
1998,Nagano,JPN,BUL,False,True,1,0,0,1,3,17
1998,Nagano,JPN,BLR,False,True,0,0,2,2,2,18
1998,Nagano,JPN,DEN,False,True,0,1,0,1,2,19
1998,Nagano,JPN,KAZ,False,True,0,0,2,2,2,20
1998,Nagano,JPN,UKR,False,True,0,1,0,1,2,21
1998,Nagano,JPN,AUS,False,True,0,0,1,1,1,22
1998,Nagano,JPN,BEL,False,True,0,0,1,1,1,23
1998,Nagano,JPN,GBR,False,True,0,0,1,1,1,24
1996,Atlanta,USA,USA,True,False,53,29,23,105,240,1
1996,Atlanta,USA,RUS,True,False,28,26,16,70,152,2
1996,Atlanta,USA,GER,True,False,21,19,28,68,129,3
1996,Atlanta,USA,CHN,True,False,14,23,10,47,98,4
1996,Atlanta,USA,ITA,True,False,15,11,12,38,79,5
1996,Atlanta,USA,FRA,True,False,17,6,14,37,77,6
1996,Atlanta,USA,AUS,True,False,9,11,23,43,72,7
1996,Atlanta,USA,KOR,True,False,9,15,4,28,61,8
1996,Atlanta,USA,CUB,True,False,9,8,8,25,51,9
1996,Atlanta,USA,UKR,True,False,9,2,13,24,44,10
1996,Atlanta,USA,CAN,True,False,4,10,9,23,41,11
1996,Atlanta,USA,ROU,True,False,4,8,12,24,40,12
1996,Atlanta,USA,HUN,True,False,7,4,9,20,38,13
1996,Atlanta,USA,NED,True,False,4,7,10,21,36,14
1996,Atlanta,USA,POL,True,False,7,5,5,17,36,15
1996,Atlanta,USA,ESP,True,False,5,5,6,16,31,16
1996,Atlanta,USA,BUL,True,False,3,7,4,14,27,17
1996,Atlanta,USA,GBR,True,False,1,9,6,16,27,18
1996,Atlanta,USA,JPN,True,False,3,6,5,14,26,19
1996,Atlanta,USA,BRA,True,False,3,3,9,15,24,20
1996,Atlanta,USA,BLR,True,False,1,6,7,14,22,21
1996,Atlanta,USA,CZE,True,False,4,3,4,11,22,22
1996,Atlanta,USA,KAZ,True,False,3,4,4,11,21,23
1996,Atlanta,USA,GRE,True,False,4,4,0,8,20,24
1996,Atlanta,USA,SUI,True,False,4,3,0,7,18,25
1996,Atlanta,USA,SWE,True,False,2,4,3,9,17,26
1996,Atlanta,USA,DEN,True,False,4,1,1,6,15,27
1996,Atlanta,USA,NZL,True,False,3,2,2,7,15,28
1996,Atlanta,USA,TUR,True,False,4,1,1,6,15,29
1996,Atlanta,USA,NGR,True,False,2,2,3,7,13,30
1996,Atlanta,USA,NOR,True,False,2,2,3,7,13,31
1996,Atlanta,USA,BEL,True,False,2,2,2,6,12,32
1996,Atlanta,USA,JAM,True,False,1,3,3,7,12,33
1996,Atlanta,USA,KEN,True,False,1,3,3,7,12,34
1996,Atlanta,USA,RSA,True,False,3,1,1,5,12,35
1996,Atlanta,USA,IRL,True,False,3,0,1,4,10,36
1996,Atlanta,USA,PRK,True,False,2,1,2,5,10,37
1996,Atlanta,USA,FIN,True,False,1,2,1,4,8,38
1996,Atlanta,USA,ALG,True,False,2,0,1,3,7,39
1996,Atlanta,USA,ETH,True,False,2,0,1,3,7,40
1996,Atlanta,USA,INA,True,False,1,1,2,4,7,41
1996,Atlanta,USA,YUG,True,False,1,1,2,4,7,42
1996,Atlanta,USA,IRI,True,False,1,1,1,3,6,43
1996,Atlanta,USA,SVK,True,False,1,1,1,3,6,44
1996,Atlanta,USA,ARG,True,False,0,2,1,3,5,45
1996,Atlanta,USA,ARM,True,False,1,1,0,2,5,46
1996,Atlanta,USA,CRO,True,False,1,1,0,2,5,47
1996,Atlanta,USA,AUT,True,False,0,1,2,3,4,48
1996,Atlanta,USA,NAM,True,False,0,2,0,2,4,49
1996,Atlanta,USA,POR,True,False,1,0,1,2,4,50
1996,Atlanta,USA,SLO,True,False,0,2,0,2,4,51
1996,Atlanta,USA,THA,True,False,1,0,1,2,4,52
1996,Atlanta,USA,BDI,True,False,1,0,0,1,3,53
1996,Atlanta,USA,CRC,True,False,1,0,0,1,3,54
1996,Atlanta,USA,ECU,True,False,1,0,0,1,3,55
1996,Atlanta,USA,HKG,True,False,1,0,0,1,3,56
1996,Atlanta,USA,MAS,True,False,0,1,1,2,3,57
1996,Atlanta,USA,MDA,True,False,0,1,1,2,3,58
1996,Atlanta,USA,SYR,True,False,1,0,0,1,3,59
1996,Atlanta,USA,UZB,True,False,0,1,1,2,3,60
1996,Atlanta,USA,AZE,True,False,0,1,0,1,2,61
1996,Atlanta,USA,BAH,True,False,0,1,0,1,2,62
1996,Atlanta,USA,GEO,True,False,0,0,2,2,2,63
1996,Atlanta,USA,LAT,True,False,0,1,0,1,2,64
1996,Atlanta,USA,MAR,True,False,0,0,2,2,2,65
1996,Atlanta,USA,PHI,True,False,0,1,0,1,2,66
1996,Atlanta,USA,TGA,True,False,0,1,0,1,2,67
1996,Atlanta,USA,TPE,True,False,0,1,0,1,2,68
1996,Atlanta,USA,TTO,True,False,0,0,2,2,2,69
1996,Atlanta,USA,ZAM,True,False,0,1,0,1,2,70
1996,Atlanta,USA,IND,True,False,0,0,1,1,1,71
1996,Atlanta,USA,ISR,True,False,0,0,1,1,1,72
1996,Atlanta,USA,LTU,True,False,0,0,1,1,1,73
1996,Atlanta,USA,MEX,True,False,0,0,1,1,1,74
1996,Atlanta,USA,MGL,True,False,0,0,1,1,1,75
1996,Atlanta,USA,MOZ,True,False,0,0,1,1,1,76
1996,Atlanta,USA,PUR,True,False,0,0,1,1,1,77
1996,Atlanta,USA,TUN,True,False,0,0,1,1,1,78
1996,Atlanta,USA,UGA,True,False,0,0,1,1,1,79
1994,Lillehammer,NOR,NOR,False,True,10,15,5,30,65,1
1994,Lillehammer,NOR,RUS,False,True,13,10,4,27,63,2
1994,Lillehammer,NOR,GER,False,True,13,8,7,28,62,3
1994,Lillehammer,NOR,ITA,False,True,8,4,8,20,40,4
1994,Lillehammer,NOR,CAN,False,True,3,7,4,14,27,5
1994,Lillehammer,NOR,USA,False,True,3,5,1,9,20,6
1994,Lillehammer,NOR,SUI,False,True,3,4,2,9,19,7
1994,Lillehammer,NOR,AUT,False,True,2,3,5,10,17,8
1994,Lillehammer,NOR,KOR,False,True,4,1,1,6,15,9
1994,Lillehammer,NOR,JPN,False,True,2,2,2,6,12,10
1994,Lillehammer,NOR,FIN,False,True,0,1,6,7,8,11
1994,Lillehammer,NOR,SWE,False,True,2,1,0,3,8,12
1994,Lillehammer,NOR,KAZ,False,True,1,2,0,3,7,13
1994,Lillehammer,NOR,FRA,False,True,0,1,4,5,6,14
1994,Lillehammer,NOR,NED,False,True,0,1,3,4,5,15
1994,Lillehammer,NOR,BLR,False,True,0,2,0,2,4,16
1994,Lillehammer,NOR,CHN,False,True,0,1,2,3,4,17
1994,Lillehammer,NOR,UKR,False,True,1,0,1,2,4,18
1994,Lillehammer,NOR,UZB,False,True,1,0,0,1,3,19
1994,Lillehammer,NOR,GBR,False,True,0,0,2,2,2,20
1994,Lillehammer,NOR,SLO,False,True,0,0,2,2,2,21
1994,Lillehammer,NOR,AUS,False,True,0,0,1,1,1,22
1992,Barcelone,ESP,EUN,True,False,52,42,32,126,272,1
1992,Barcelone,ESP,USA,True,False,47,33,34,114,241,2
1992,Barcelone,ESP,GER,True,False,36,25,30,91,188,3
1992,Barcelone,ESP,CHN,True,False,13,25,14,52,103,4
1992,Barcelone,ESP,HUN,True,False,13,12,8,33,71,5
1992,Barcelone,ESP,CUB,True,False,14,7,11,32,67,6
1992,Barcelone,ESP,KOR,True,False,13,4,8,25,55,7
1992,Barcelone,ESP,AUS,True,False,8,9,10,27,52,8
1992,Barcelone,ESP,ESP,True,False,12,7,1,20,51,9
1992,Barcelone,ESP,FRA,True,False,8,5,17,30,51,10
1992,Barcelone,ESP,CAN,True,False,8,4,8,20,40,11
1992,Barcelone,ESP,ITA,True,False,7,5,8,20,39,12
1992,Barcelone,ESP,JPN,True,False,3,7,13,23,36,13
1992,Barcelone,ESP,GBR,True,False,5,3,14,22,35,14
1992,Barcelone,ESP,POL,True,False,4,6,10,20,34,15
1992,Barcelone,ESP,ROU,True,False,3,8,8,19,33,16
1992,Barcelone,ESP,BUL,True,False,3,7,6,16,29,17
1992,Barcelone,ESP,NED,True,False,3,6,7,16,28,18
1992,Barcelone,ESP,SWE,True,False,1,8,5,14,24,19
1992,Barcelone,ESP,NZL,True,False,1,5,5,11,18,20
1992,Barcelone,ESP,PRK,True,False,4,0,5,9,17,21
1992,Barcelone,ESP,TCH,True,False,4,2,1,7,17,22
1992,Barcelone,ESP,KEN,True,False,2,4,2,8,16,23
1992,Barcelone,ESP,NOR,True,False,2,4,1,7,15,24
1992,Barcelone,ESP,TUR,True,False,2,2,2,6,12,25
1992,Barcelone,ESP,DEN,True,False,1,1,4,6,9,26
1992,Barcelone,ESP,FIN,True,False,1,2,2,5,9,27
1992,Barcelone,ESP,BRA,True,False,2,1,0,3,8,28
1992,Barcelone,ESP,INA,True,False,1,2,1,4,8,29
1992,Barcelone,ESP,JAM,True,False,0,3,1,4,7,30
1992,Barcelone,ESP,NGR,True,False,0,3,1,4,7,31
1992,Barcelone,ESP,GRE,True,False,2,0,0,2,6,32
1992,Barcelone,ESP,MAR,True,False,1,1,1,3,6,33
1992,Barcelone,ESP,ETH,True,False,1,0,2,3,5,34
1992,Barcelone,ESP,IRL,True,False,1,1,0,2,5,35
1992,Barcelone,ESP,LAT,True,False,0,2,1,3,5,36
1992,Barcelone,ESP,ALG,True,False,1,0,1,2,4,37
1992,Barcelone,ESP,AUT,True,False,0,2,0,2,4,38
1992,Barcelone,ESP,BEL,True,False,0,1,2,3,4,39
1992,Barcelone,ESP,CRO,True,False,0,1,2,3,4,40
1992,Barcelone,ESP,EST,True,False,1,0,1,2,4,41
1992,Barcelone,ESP,IOP,True,False,0,1,2,3,4,42
1992,Barcelone,ESP,IRI,True,False,0,1,2,3,4,43
1992,Barcelone,ESP,LTU,True,False,1,0,1,2,4,44
1992,Barcelone,ESP,NAM,True,False,0,2,0,2,4,45
1992,Barcelone,ESP,RSA,True,False,0,2,0,2,4,46
1992,Barcelone,ESP,ISR,True,False,0,1,1,2,3,47
1992,Barcelone,ESP,SUI,True,False,1,0,0,1,3,48
1992,Barcelone,ESP,MEX,True,False,0,1,0,1,2,49
1992,Barcelone,ESP,MGL,True,False,0,0,2,2,2,50
1992,Barcelone,ESP,PER,True,False,0,1,0,1,2,51
1992,Barcelone,ESP,SLO,True,False,0,0,2,2,2,52
1992,Barcelone,ESP,TPE,True,False,0,1,0,1,2,53
1992,Barcelone,ESP,ARG,True,False,0,0,1,1,1,54
1992,Barcelone,ESP,BAH,True,False,0,0,1,1,1,55
1992,Barcelone,ESP,COL,True,False,0,0,1,1,1,56
1992,Barcelone,ESP,GHA,True,False,0,0,1,1,1,57
1992,Barcelone,ESP,MAS,True,False,0,0,1,1,1,58
1992,Barcelone,ESP,PAK,True,False,0,0,1,1,1,59
1992,Barcelone,ESP,PHI,True,False,0,0,1,1,1,60
1992,Barcelone,ESP,PUR,True,False,0,0,1,1,1,61
1992,Barcelone,ESP,QAT,True,False,0,0,1,1,1,62
1992,Barcelone,ESP,SUR,True,False,0,0,1,1,1,63
1992,Barcelone,ESP,THA,True,False,0,0,1,1,1,64
1992,Albertville,FRA,GER,False,True,12,11,6,29,64,1
1992,Albertville,FRA,NOR,False,True,12,6,5,23,53,2
1992,Albertville,FRA,EUN,False,True,10,6,8,24,50,3
1992,Albertville,FRA,AUT,False,True,5,8,8,21,39,4
1992,Albertville,FRA,ITA,False,True,4,7,3,14,29,5
1992,Albertville,FRA,USA,False,True,4,4,2,10,22,6
1992,Albertville,FRA,FRA,False,True,3,5,1,9,20,7
1992,Albertville,FRA,FIN,False,True,4,1,3,8,17,8
1992,Albertville,FRA,CAN,False,True,2,4,2,8,16,9
1992,Albertville,FRA,KOR,False,True,4,1,1,6,15,10
1992,Albertville,FRA,JPN,False,True,1,2,4,7,11,11
1992,Albertville,FRA,NED,False,True,1,1,2,4,7,12
1992,Albertville,FRA,SWE,False,True,1,0,4,5,7,13
1992,Albertville,FRA,CHN,False,True,0,3,0,3,6,14
1992,Albertville,FRA,SUI,False,True,1,0,2,3,5,15
1992,Albertville,FRA,LUX,False,True,0,2,0,2,4,16
1992,Albertville,FRA,TCH,False,True,0,0,3,3,3,17
1992,Albertville,FRA,NZL,False,True,0,1,0,1,2,18
1992,Albertville,FRA,ESP,False,True,0,0,1,1,1,19
1992,Albertville,FRA,PRK,False,True,0,0,1,1,1,20
1988,Seoul,KOR,URS,True,False,61,31,46,138,291,1
1988,Seoul,KOR,GDR,True,False,44,36,32,112,236,2
1988,Seoul,KOR,USA,True,False,46,33,27,106,231,3
1988,Seoul,KOR,FRG,True,False,15,14,16,45,89,4
1988,Seoul,KOR,BUL,True,False,10,13,15,38,71,5
1988,Seoul,KOR,KOR,True,False,13,9,11,33,68,6
1988,Seoul,KOR,HUN,True,False,14,6,5,25,59,7
1988,Seoul,KOR,ROU,True,False,7,14,7,28,56,8
1988,Seoul,KOR,GBR,True,False,5,13,10,28,51,9
1988,Seoul,KOR,CHN,True,False,5,9,11,25,44,10
1988,Seoul,KOR,FRA,True,False,7,4,6,17,35,11
1988,Seoul,KOR,ITA,True,False,6,5,5,16,33,12
1988,Seoul,KOR,AUS,True,False,3,6,6,15,27,13
1988,Seoul,KOR,NZL,True,False,4,3,9,16,27,14
1988,Seoul,KOR,JPN,True,False,4,3,8,15,26,15
1988,Seoul,KOR,POL,True,False,2,5,9,16,25,16
1988,Seoul,KOR,KEN,True,False,5,2,2,9,21,17
1988,Seoul,KOR,YUG,True,False,3,3,5,11,20,18
1988,Seoul,KOR,TCH,True,False,3,3,2,8,17,19
1988,Seoul,KOR,CAN,True,False,2,2,5,9,15,20
1988,Seoul,KOR,SWE,True,False,0,4,7,11,15,21
1988,Seoul,KOR,NED,True,False,2,2,4,8,14,22
1988,Seoul,KOR,NOR,True,False,2,3,0,5,12,23
1988,Seoul,KOR,BRA,True,False,1,2,3,6,10,24
1988,Seoul,KOR,DEN,True,False,2,1,1,4,9,25
1988,Seoul,KOR,SUI,True,False,0,3,2,5,8,26
1988,Seoul,KOR,ESP,True,False,1,1,2,4,7,27
1988,Seoul,KOR,FIN,True,False,1,1,2,4,7,28
1988,Seoul,KOR,MAR,True,False,1,0,2,3,5,29
1988,Seoul,KOR,TUR,True,False,1,1,0,2,5,30
1988,Seoul,KOR,JAM,True,False,0,2,0,2,4,31
1988,Seoul,KOR,ARG,True,False,0,1,1,2,3,32
1988,Seoul,KOR,AUT,True,False,1,0,0,1,3,33
1988,Seoul,KOR,POR,True,False,1,0,0,1,3,34
1988,Seoul,KOR,SUR,True,False,1,0,0,1,3,35
1988,Seoul,KOR,AHO,True,False,0,1,0,1,2,36
1988,Seoul,KOR,BEL,True,False,0,0,2,2,2,37
1988,Seoul,KOR,CHI,True,False,0,1,0,1,2,38
1988,Seoul,KOR,CRC,True,False,0,1,0,1,2,39
1988,Seoul,KOR,INA,True,False,0,1,0,1,2,40
1988,Seoul,KOR,IRI,True,False,0,1,0,1,2,41
1988,Seoul,KOR,ISV,True,False,0,1,0,1,2,42
1988,Seoul,KOR,MEX,True,False,0,0,2,2,2,43
1988,Seoul,KOR,PER,True,False,0,1,0,1,2,44
1988,Seoul,KOR,SEN,True,False,0,1,0,1,2,45
1988,Seoul,KOR,COL,True,False,0,0,1,1,1,46
1988,Seoul,KOR,DJI,True,False,0,0,1,1,1,47
1988,Seoul,KOR,GRE,True,False,0,0,1,1,1,48
1988,Seoul,KOR,MGL,True,False,0,0,1,1,1,49
1988,Seoul,KOR,PAK,True,False,0,0,1,1,1,50
1988,Seoul,KOR,PHI,True,False,0,0,1,1,1,51
1988,Seoul,KOR,THA,True,False,0,0,1,1,1,52
1988,Calgary,CAN,URS,False,True,15,12,9,36,78,1
1988,Calgary,CAN,GDR,False,True,8,8,5,21,45,2
1988,Calgary,CAN,SUI,False,True,5,6,3,14,30,3
1988,Calgary,CAN,FIN,False,True,5,1,3,9,20,4
1988,Calgary,CAN,AUT,False,True,2,5,3,10,19,5
1988,Calgary,CAN,FRG,False,True,2,4,2,8,16,6
1988,Calgary,CAN,NED,False,True,3,2,2,7,15,7
1988,Calgary,CAN,ITA,False,True,2,1,3,6,11,8
1988,Calgary,CAN,SWE,False,True,3,0,2,5,11,9
1988,Calgary,CAN,USA,False,True,2,1,3,6,11,10
1988,Calgary,CAN,NOR,False,True,0,3,3,6,9,11
1988,Calgary,CAN,YUG,False,True,0,3,1,4,7,12
1988,Calgary,CAN,CAN,False,True,0,1,3,4,5,13
1988,Calgary,CAN,FRA,False,True,1,0,1,2,4,14
1988,Calgary,CAN,TCH,False,True,0,1,2,3,4,15
1988,Calgary,CAN,JPN,False,True,0,0,1,1,1,16
1988,Calgary,CAN,LIE,False,True,0,0,1,1,1,17
1984,Sarajevo,BIH,GDR,False,True,9,9,6,24,51,1
1984,Sarajevo,BIH,URS,False,True,6,12,9,27,51,2
1984,Sarajevo,BIH,FIN,False,True,4,3,9,16,27,3
1984,Sarajevo,BIH,NOR,False,True,5,3,4,12,25,4
1984,Sarajevo,BIH,USA,False,True,4,4,0,8,20,5
1984,Sarajevo,BIH,SWE,False,True,4,2,2,8,18,6
1984,Sarajevo,BIH,FRG,False,True,2,1,2,5,10,7
1984,Sarajevo,BIH,CAN,False,True,2,1,1,4,9,8
1984,Sarajevo,BIH,SUI,False,True,2,1,1,4,9,9
1984,Sarajevo,BIH,TCH,False,True,0,2,4,6,8,10
1984,Sarajevo,BIH,ITA,False,True,2,0,0,2,6,11
1984,Sarajevo,BIH,FRA,False,True,0,1,2,3,4,12
1984,Sarajevo,BIH,GBR,False,True,1,0,0,1,3,13
1984,Sarajevo,BIH,JPN,False,True,0,1,0,1,2,14
1984,Sarajevo,BIH,LIE,False,True,0,0,2,2,2,15
1984,Sarajevo,BIH,YUG,False,True,0,1,0,1,2,16
1984,Sarajevo,BIH,AUT,False,True,0,0,1,1,1,17
1984,Los Angeles,USA,USA,True,False,94,57,29,180,425,1
1984,Los Angeles,USA,FRG,True,False,18,21,26,65,122,2
1984,Los Angeles,USA,ROU,True,False,17,15,17,49,98,3
1984,Los Angeles,USA,CAN,True,False,9,18,19,46,82,4
1984,Los Angeles,USA,ITA,True,False,18,6,11,35,77,5
1984,Los Angeles,USA,CHN,True,False,14,11,9,34,73,6
1984,Los Angeles,USA,JPN,True,False,10,8,17,35,63,7
1984,Los Angeles,USA,GBR,True,False,5,12,23,40,62,8
1984,Los Angeles,USA,FRA,True,False,5,11,15,31,52,9
1984,Los Angeles,USA,SWE,True,False,3,16,7,26,48,10
1984,Los Angeles,USA,AUS,True,False,4,9,17,30,47,11
1984,Los Angeles,USA,NZL,True,False,12,1,2,15,40,12
1984,Los Angeles,USA,KOR,True,False,6,6,7,19,37,13
1984,Los Angeles,USA,YUG,True,False,6,4,7,17,33,14
1984,Los Angeles,USA,NED,True,False,5,3,7,15,28,15
1984,Los Angeles,USA,FIN,True,False,4,2,6,12,22,16
1984,Los Angeles,USA,BRA,True,False,1,5,2,8,15,17
1984,Los Angeles,USA,SUI,True,False,0,5,4,9,14,18
1984,Los Angeles,USA,MEX,True,False,2,3,1,6,13,19
1984,Los Angeles,USA,DEN,True,False,0,3,3,6,9,20
1984,Los Angeles,USA,ESP,True,False,1,2,2,5,9,21
1984,Los Angeles,USA,BEL,True,False,1,1,2,4,7,22
1984,Los Angeles,USA,AUT,True,False,1,1,1,3,6,23
1984,Los Angeles,USA,MAR,True,False,2,0,0,2,6,24
1984,Los Angeles,USA,KEN,True,False,1,0,2,3,5,25
1984,Los Angeles,USA,POR,True,False,1,0,2,3,5,26
1984,Los Angeles,USA,JAM,True,False,0,1,2,3,4,27
1984,Los Angeles,USA,NOR,True,False,0,1,2,3,4,28
1984,Los Angeles,USA,GRE,True,False,0,1,1,2,3,29
1984,Los Angeles,USA,NGR,True,False,0,1,1,2,3,30
1984,Los Angeles,USA,PAK,True,False,1,0,0,1,3,31
1984,Los Angeles,USA,PUR,True,False,0,1,1,2,3,32
1984,Los Angeles,USA,TUR,True,False,0,0,3,3,3,33
1984,Los Angeles,USA,VEN,True,False,0,0,3,3,3,34
1984,Los Angeles,USA,ALG,True,False,0,0,2,2,2,35
1984,Los Angeles,USA,CIV,True,False,0,1,0,1,2,36
1984,Los Angeles,USA,COL,True,False,0,1,0,1,2,37
1984,Los Angeles,USA,EGY,True,False,0,1,0,1,2,38
1984,Los Angeles,USA,IRL,True,False,0,1,0,1,2,39
1984,Los Angeles,USA,PER,True,False,0,1,0,1,2,40
1984,Los Angeles,USA,SYR,True,False,0,1,0,1,2,41
1984,Los Angeles,USA,THA,True,False,0,1,0,1,2,42
1984,Los Angeles,USA,CMR,True,False,0,0,1,1,1,43
1984,Los Angeles,USA,DOM,True,False,0,0,1,1,1,44
1984,Los Angeles,USA,ISL,True,False,0,0,1,1,1,45
1984,Los Angeles,USA,TPE,True,False,0,0,1,1,1,46
1984,Los Angeles,USA,ZAM,True,False,0,0,1,1,1,47
1980,Moscow,RUS,URS,True,False,96,68,42,206,466,1
1980,Moscow,RUS,GDR,True,False,53,38,37,128,272,2
1980,Moscow,RUS,BUL,True,False,8,15,16,39,70,3
1980,Moscow,RUS,HUN,True,False,7,11,18,36,61,4
1980,Moscow,RUS,POL,True,False,3,14,15,32,52,5
1980,Moscow,RUS,ROU,True,False,6,8,11,25,45,6
1980,Moscow,RUS,CUB,True,False,8,7,5,20,43,7
1980,Moscow,RUS,GBR,True,False,5,7,10,22,39,8
1980,Moscow,RUS,FRA,True,False,8,5,3,16,37,9
1980,Moscow,RUS,ITA,True,False,8,4,5,17,37,10
1980,Moscow,RUS,AUS,True,False,4,2,5,11,21,11
1980,Moscow,RUS,SWE,True,False,3,3,6,12,21,12
1980,Moscow,RUS,TCH,True,False,2,3,9,14,21,13
1980,Moscow,RUS,YUG,True,False,2,3,4,9,16,14
1980,Moscow,RUS,FIN,True,False,3,1,4,8,15,15
1980,Moscow,RUS,ESP,True,False,1,4,2,7,13,16
1980,Moscow,RUS,DEN,True,False,2,1,2,5,10,17
1980,Moscow,RUS,AUT,True,False,1,2,1,4,8,18
1980,Moscow,RUS,BRA,True,False,2,0,2,4,8,19
1980,Moscow,RUS,ETH,True,False,2,0,2,4,8,20
1980,Moscow,RUS,PRK,True,False,0,3,2,5,8,21
1980,Moscow,RUS,MEX,True,False,0,1,4,5,6,22
1980,Moscow,RUS,MGL,True,False,0,2,2,4,6,23
1980,Moscow,RUS,SUI,True,False,2,0,0,2,6,24
1980,Moscow,RUS,GRE,True,False,1,0,2,3,5,25
1980,Moscow,RUS,NED,True,False,0,1,2,3,4,26
1980,Moscow,RUS,TAN,True,False,0,2,0,2,4,27
1980,Moscow,RUS,BEL,True,False,1,0,0,1,3,28
1980,Moscow,RUS,IND,True,False,1,0,0,1,3,29
1980,Moscow,RUS,IRL,True,False,0,1,1,2,3,30
1980,Moscow,RUS,ZIM,True,False,1,0,0,1,3,31
1980,Moscow,RUS,JAM,True,False,0,0,2,2,2,32
1980,Moscow,RUS,UGA,True,False,0,1,0,1,2,33
1980,Moscow,RUS,VEN,True,False,0,1,0,1,2,34
1980,Moscow,RUS,GUY,True,False,0,0,1,1,1,35
1980,Moscow,RUS,LBN,True,False,0,0,1,1,1,36
1980,Lake Placid,USA,URS,False,True,13,6,6,25,57,1
1980,Lake Placid,USA,GDR,False,True,10,9,6,25,54,2
1980,Lake Placid,USA,USA,False,True,6,4,2,12,28,3
1980,Lake Placid,USA,FIN,False,True,1,5,4,10,17,4
1980,Lake Placid,USA,NOR,False,True,1,4,6,11,17,5
1980,Lake Placid,USA,AUT,False,True,2,2,2,6,12,6
1980,Lake Placid,USA,LIE,False,True,2,2,0,4,10,7
1980,Lake Placid,USA,SWE,False,True,3,0,1,4,10,8
1980,Lake Placid,USA,NED,False,True,1,2,1,4,8,9
1980,Lake Placid,USA,FRG,False,True,0,2,3,5,7,10
1980,Lake Placid,USA,SUI,False,True,1,1,2,4,7,11
1980,Lake Placid,USA,ITA,False,True,0,2,0,2,4,12
1980,Lake Placid,USA,CAN,False,True,0,1,1,2,3,13
1980,Lake Placid,USA,GBR,False,True,1,0,0,1,3,14
1980,Lake Placid,USA,HUN,False,True,0,1,0,1,2,15
1980,Lake Placid,USA,JPN,False,True,0,1,0,1,2,16
1980,Lake Placid,USA,BUL,False,True,0,0,1,1,1,17
1980,Lake Placid,USA,FRA,False,True,0,0,1,1,1,18
1980,Lake Placid,USA,TCH,False,True,0,0,1,1,1,19
1976,Montréal,CAN,URS,True,False,51,38,33,122,262,1
1976,Montréal,CAN,USA,True,False,45,35,24,104,229,2
1976,Montréal,CAN,GDR,True,False,45,28,27,100,218,3
1976,Montréal,CAN,FRG,True,False,13,18,17,48,92,4
1976,Montréal,CAN,JPN,True,False,12,6,9,27,57,5
1976,Montréal,CAN,POL,True,False,7,7,13,27,48,6
1976,Montréal,CAN,ROU,True,False,4,11,14,29,48,7
1976,Montréal,CAN,BUL,True,False,6,9,7,22,43,8
1976,Montréal,CAN,HUN,True,False,4,6,14,24,38,9
1976,Montréal,CAN,CUB,True,False,6,4,3,13,29,10
1976,Montréal,CAN,ITA,True,False,2,8,4,14,26,11
1976,Montréal,CAN,GBR,True,False,3,5,5,13,24,12
1976,Montréal,CAN,CAN,True,False,0,5,7,12,17,13
1976,Montréal,CAN,FRA,True,False,2,3,5,10,17,14
1976,Montréal,CAN,FIN,True,False,4,2,0,6,16,15
1976,Montréal,CAN,TCH,True,False,2,3,4,9,16,16
1976,Montréal,CAN,YUG,True,False,2,3,3,8,15,17
1976,Montréal,CAN,SWE,True,False,4,1,0,5,14,18
1976,Montréal,CAN,BEL,True,False,0,3,4,7,10,19
1976,Montréal,CAN,KOR,True,False,1,1,4,6,9,20
1976,Montréal,CAN,NZL,True,False,2,1,1,4,9,21
1976,Montréal,CAN,SUI,True,False,1,2,2,5,9,22
1976,Montréal,CAN,NED,True,False,0,2,3,5,7,23
1976,Montréal,CAN,AUS,True,False,0,1,4,5,6,24
1976,Montréal,CAN,DEN,True,False,1,0,2,3,5,25
1976,Montréal,CAN,JAM,True,False,1,1,0,2,5,26
1976,Montréal,CAN,NOR,True,False,1,1,0,2,5,27
1976,Montréal,CAN,PRK,True,False,1,1,0,2,5,28
1976,Montréal,CAN,ESP,True,False,0,2,0,2,4,29
1976,Montréal,CAN,MEX,True,False,1,0,1,2,4,30
1976,Montréal,CAN,POR,True,False,0,2,0,2,4,31
1976,Montréal,CAN,IRI,True,False,0,1,1,2,3,32
1976,Montréal,CAN,TTO,True,False,1,0,0,1,3,33
1976,Montréal,CAN,BRA,True,False,0,0,2,2,2,34
1976,Montréal,CAN,MGL,True,False,0,1,0,1,2,35
1976,Montréal,CAN,VEN,True,False,0,1,0,1,2,36
1976,Montréal,CAN,AUT,True,False,0,0,1,1,1,37
1976,Montréal,CAN,BER,True,False,0,0,1,1,1,38
1976,Montréal,CAN,PAK,True,False,0,0,1,1,1,39
1976,Montréal,CAN,PUR,True,False,0,0,1,1,1,40
1976,Montréal,CAN,THA,True,False,0,0,1,1,1,41
1976,Innsbruck,AUS,URS,False,True,17,6,10,33,73,1
1976,Innsbruck,AUS,GDR,False,True,5,5,6,16,31,2
1976,Innsbruck,AUS,FIN,False,True,3,6,1,10,22,3
1976,Innsbruck,AUS,USA,False,True,3,3,4,10,19,4
1976,Innsbruck,AUS,FRG,False,True,2,4,3,9,17,5
1976,Innsbruck,AUS,NOR,False,True,3,3,1,7,16,6
1976,Innsbruck,AUS,AUT,False,True,2,2,2,6,12,7
1976,Innsbruck,AUS,NED,False,True,1,2,3,6,10,8
1976,Innsbruck,AUS,SUI,False,True,1,3,1,5,10,9
1976,Innsbruck,AUS,CAN,False,True,1,1,1,3,6,10
1976,Innsbruck,AUS,ITA,False,True,1,1,1,3,6,11
1976,Innsbruck,AUS,GBR,False,True,1,0,0,1,3,12
1976,Innsbruck,AUS,SWE,False,True,0,0,2,2,2,13
1976,Innsbruck,AUS,TCH,False,True,0,1,0,1,2,14
1976,Innsbruck,AUS,FRA,False,True,0,0,1,1,1,15
1976,Innsbruck,AUS,LIE,False,True,0,0,1,1,1,16
1972,Sapporo,JPN,URS,False,True,12,5,2,19,48,1
1972,Sapporo,JPN,NOR,False,True,2,8,5,15,27,2
1972,Sapporo,JPN,GDR,False,True,3,2,7,12,20,3
1972,Sapporo,JPN,NED,False,True,4,3,2,9,20,4
1972,Sapporo,JPN,USA,False,True,3,2,3,8,16,5
1972,Sapporo,JPN,SUI,False,True,2,3,2,7,14,6
1972,Sapporo,JPN,FIN,False,True,0,5,1,6,11,7
1972,Sapporo,JPN,ITA,False,True,2,2,1,5,11,8
1972,Sapporo,JPN,AUT,False,True,1,2,2,5,9,9
1972,Sapporo,JPN,FRG,False,True,2,1,1,4,9,10
1972,Sapporo,JPN,SWE,False,True,1,1,2,4,7,11
1972,Sapporo,JPN,JPN,False,True,1,1,1,3,6,12
1972,Sapporo,JPN,TCH,False,True,1,0,2,3,5,13
1972,Sapporo,JPN,FRA,False,True,0,1,2,3,4,14
1972,Sapporo,JPN,ESP,False,True,1,0,0,1,3,15
1972,Sapporo,JPN,POL,False,True,1,0,0,1,3,16
1972,Sapporo,JPN,CAN,False,True,0,1,0,1,2,17
1972,Munich,DEU,URS,True,False,57,33,23,113,260,1
1972,Munich,DEU,USA,True,False,45,32,26,103,225,2
1972,Munich,DEU,GDR,True,False,19,26,24,69,133,3
1972,Munich,DEU,JPN,True,False,18,8,8,34,78,4
1972,Munich,DEU,FRG,True,False,11,13,18,42,77,5
1972,Munich,DEU,HUN,True,False,8,13,17,38,67,6
1972,Munich,DEU,BUL,True,False,6,10,5,21,43,7
1972,Munich,DEU,POL,True,False,8,5,9,22,43,8
1972,Munich,DEU,AUS,True,False,8,7,2,17,40,9
1972,Munich,DEU,GBR,True,False,5,6,9,20,36,10
1972,Munich,DEU,ITA,True,False,5,3,11,19,32,11
1972,Munich,DEU,ROU,True,False,3,7,7,17,30,12
1972,Munich,DEU,SWE,True,False,4,6,6,16,30,13
1972,Munich,DEU,FRA,True,False,2,4,8,14,22,14
1972,Munich,DEU,KEN,True,False,3,3,4,10,19,15
1972,Munich,DEU,CUB,True,False,3,1,5,9,16,16
1972,Munich,DEU,TCH,True,False,2,4,2,8,16,17
1972,Munich,DEU,FIN,True,False,3,1,4,8,15,18
1972,Munich,DEU,NED,True,False,3,1,1,5,12,19
1972,Munich,DEU,YUG,True,False,2,1,2,5,10,20
1972,Munich,DEU,NOR,True,False,2,1,1,4,9,21
1972,Munich,DEU,CAN,True,False,0,2,4,6,8,22
1972,Munich,DEU,PRK,True,False,1,1,3,5,8,23
1972,Munich,DEU,NZL,True,False,1,1,1,3,6,24
1972,Munich,DEU,SUI,True,False,0,3,0,3,6,25
1972,Munich,DEU,IRI,True,False,0,2,1,3,5,26
1972,Munich,DEU,UGA,True,False,1,1,0,2,5,27
1972,Munich,DEU,AUT,True,False,0,1,2,3,4,28
1972,Munich,DEU,BEL,True,False,0,2,0,2,4,29
1972,Munich,DEU,COL,True,False,0,1,2,3,4,30
1972,Munich,DEU,GRE,True,False,0,2,0,2,4,31
1972,Munich,DEU,DEN,True,False,1,0,0,1,3,32
1972,Munich,DEU,ARG,True,False,0,1,0,1,2,33
1972,Munich,DEU,BRA,True,False,0,0,2,2,2,34
1972,Munich,DEU,ETH,True,False,0,0,2,2,2,35
1972,Munich,DEU,KOR,True,False,0,1,0,1,2,36
1972,Munich,DEU,LBN,True,False,0,1,0,1,2,37
1972,Munich,DEU,MEX,True,False,0,1,0,1,2,38
1972,Munich,DEU,MGL,True,False,0,1,0,1,2,39
1972,Munich,DEU,PAK,True,False,0,1,0,1,2,40
1972,Munich,DEU,TUN,True,False,0,1,0,1,2,41
1972,Munich,DEU,TUR,True,False,0,1,0,1,2,42
1972,Munich,DEU,ESP,True,False,0,0,1,1,1,43
1972,Munich,DEU,GHA,True,False,0,0,1,1,1,44
1972,Munich,DEU,IND,True,False,0,0,1,1,1,45
1972,Munich,DEU,JAM,True,False,0,0,1,1,1,46
1972,Munich,DEU,NGR,True,False,0,0,1,1,1,47
1972,Munich,DEU,NIG,True,False,0,0,1,1,1,48
1968,Mexico,MEX,USA,True,False,57,26,28,111,251,1
1968,Mexico,MEX,URS,True,False,34,34,30,98,200,2
1968,Mexico,MEX,HUN,True,False,12,11,14,37,72,3
1968,Mexico,MEX,JPN,True,False,15,6,7,28,64,4
1968,Mexico,MEX,FRG,True,False,7,11,11,29,54,5
1968,Mexico,MEX,GDR,True,False,9,8,6,23,49,6
1968,Mexico,MEX,FRA,True,False,9,3,5,17,38,7
1968,Mexico,MEX,AUS,True,False,5,8,6,19,37,8
1968,Mexico,MEX,GBR,True,False,6,5,3,14,31,9
1968,Mexico,MEX,TCH,True,False,7,3,4,14,31,10
1968,Mexico,MEX,POL,True,False,5,2,11,18,30,11
1968,Mexico,MEX,ROU,True,False,4,6,5,15,29,12
1968,Mexico,MEX,ITA,True,False,3,4,10,17,27,13
1968,Mexico,MEX,KEN,True,False,3,4,2,9,19,14
1968,Mexico,MEX,MEX,True,False,3,3,3,9,18,15
1968,Mexico,MEX,BUL,True,False,2,4,3,9,17,16
1968,Mexico,MEX,DEN,True,False,2,4,3,9,17,17
1968,Mexico,MEX,YUG,True,False,3,3,2,8,17,18
1968,Mexico,MEX,NED,True,False,3,3,1,7,16,19
1968,Mexico,MEX,CAN,True,False,1,3,2,6,11,20
1968,Mexico,MEX,SWE,True,False,2,2,1,5,11,21
1968,Mexico,MEX,IRI,True,False,2,1,2,5,10,22
1968,Mexico,MEX,FIN,True,False,1,2,1,4,8,23
1968,Mexico,MEX,AUT,True,False,0,2,2,4,6,24
1968,Mexico,MEX,CUB,True,False,0,3,0,3,6,25
1968,Mexico,MEX,SUI,True,False,0,1,4,5,6,26
1968,Mexico,MEX,TUR,True,False,2,0,0,2,6,27
1968,Mexico,MEX,ETH,True,False,1,1,0,2,5,28
1968,Mexico,MEX,MGL,True,False,0,1,3,4,5,29
1968,Mexico,MEX,NOR,True,False,1,1,0,2,5,30
1968,Mexico,MEX,NZL,True,False,1,0,2,3,5,31
1968,Mexico,MEX,BRA,True,False,0,1,2,3,4,32
1968,Mexico,MEX,TUN,True,False,1,0,1,2,4,33
1968,Mexico,MEX,BEL,True,False,0,1,1,2,3,34
1968,Mexico,MEX,KOR,True,False,0,1,1,2,3,35
1968,Mexico,MEX,PAK,True,False,1,0,0,1,3,36
1968,Mexico,MEX,UGA,True,False,0,1,1,2,3,37
1968,Mexico,MEX,VEN,True,False,1,0,0,1,3,38
1968,Mexico,MEX,ARG,True,False,0,0,2,2,2,39
1968,Mexico,MEX,CMR,True,False,0,1,0,1,2,40
1968,Mexico,MEX,JAM,True,False,0,1,0,1,2,41
1968,Mexico,MEX,GRE,True,False,0,0,1,1,1,42
1968,Mexico,MEX,IND,True,False,0,0,1,1,1,43
1968,Mexico,MEX,TPE,True,False,0,0,1,1,1,44
1968,Grenoble,FRA,NOR,False,True,10,7,2,19,46,1
1968,Grenoble,FRA,URS,False,True,7,4,2,13,31,2
1968,Grenoble,FRA,AUT,False,True,3,4,4,11,21,3
1968,Grenoble,FRA,SWE,False,True,3,4,3,10,20,4
1968,Grenoble,FRA,FRA,False,True,4,2,2,8,18,5
1968,Grenoble,FRA,NED,False,True,3,3,3,9,18,6
1968,Grenoble,FRA,FRG,False,True,2,2,3,7,13,7
1968,Grenoble,FRA,FIN,False,True,1,2,3,6,10,8
1968,Grenoble,FRA,USA,False,True,1,3,1,5,10,9
1968,Grenoble,FRA,ITA,False,True,3,0,0,3,9,10
1968,Grenoble,FRA,SUI,False,True,0,2,4,6,8,11
1968,Grenoble,FRA,TCH,False,True,1,2,1,4,8,12
1968,Grenoble,FRA,GDR,False,True,1,1,2,4,7,13
1968,Grenoble,FRA,CAN,False,True,1,1,1,3,6,14
1968,Grenoble,FRA,ROU,False,True,0,0,1,1,1,15
1964,Tokyo,JPN,USA,True,False,42,26,27,95,205,1
1964,Tokyo,JPN,URS,True,False,36,31,33,100,203,2
1964,Tokyo,JPN,EUA,True,False,12,28,20,60,112,3
1964,Tokyo,JPN,JPN,True,False,18,5,8,31,72,4
1964,Tokyo,JPN,ITA,True,False,11,10,7,28,60,5
1964,Tokyo,JPN,HUN,True,False,11,6,6,23,51,6
1964,Tokyo,JPN,POL,True,False,9,6,10,25,49,7
1964,Tokyo,JPN,AUS,True,False,6,3,14,23,38,8
1964,Tokyo,JPN,GBR,True,False,3,12,2,17,35,9
1964,Tokyo,JPN,TCH,True,False,5,7,3,15,32,10
1964,Tokyo,JPN,FRA,True,False,1,9,8,18,29,11
1964,Tokyo,JPN,ROU,True,False,2,4,8,14,22,12
1964,Tokyo,JPN,BUL,True,False,3,5,2,10,21,13
1964,Tokyo,JPN,NED,True,False,2,5,4,11,20,14
1964,Tokyo,JPN,SWE,True,False,2,2,4,8,14,15
1964,Tokyo,JPN,TUR,True,False,2,3,1,6,13,16
1964,Tokyo,JPN,DEN,True,False,2,1,3,6,11,17
1964,Tokyo,JPN,FIN,True,False,3,0,2,5,11,18
1964,Tokyo,JPN,NZL,True,False,3,0,2,5,11,19
1964,Tokyo,JPN,SUI,True,False,1,3,1,5,10,20
1964,Tokyo,JPN,YUG,True,False,2,1,2,5,10,21
1964,Tokyo,JPN,CAN,True,False,1,2,1,4,8,22
1964,Tokyo,JPN,BEL,True,False,2,0,1,3,7,23
1964,Tokyo,JPN,TTO,True,False,0,1,4,5,6,24
1964,Tokyo,JPN,KOR,True,False,0,2,1,3,5,25
1964,Tokyo,JPN,BAH,True,False,1,0,0,1,3,26
1964,Tokyo,JPN,ETH,True,False,1,0,0,1,3,27
1964,Tokyo,JPN,IND,True,False,1,0,0,1,3,28
1964,Tokyo,JPN,TUN,True,False,0,1,1,2,3,29
1964,Tokyo,JPN,ARG,True,False,0,1,0,1,2,30
1964,Tokyo,JPN,CUB,True,False,0,1,0,1,2,31
1964,Tokyo,JPN,IRI,True,False,0,0,2,2,2,32
1964,Tokyo,JPN,PAK,True,False,0,1,0,1,2,33
1964,Tokyo,JPN,PHI,True,False,0,1,0,1,2,34
1964,Tokyo,JPN,BRA,True,False,0,0,1,1,1,35
1964,Tokyo,JPN,GHA,True,False,0,0,1,1,1,36
1964,Tokyo,JPN,IRL,True,False,0,0,1,1,1,37
1964,Tokyo,JPN,KEN,True,False,0,0,1,1,1,38
1964,Tokyo,JPN,MEX,True,False,0,0,1,1,1,39
1964,Tokyo,JPN,NGR,True,False,0,0,1,1,1,40
1964,Tokyo,JPN,URU,True,False,0,0,1,1,1,41
1964,Innsbruck,AUS,URS,False,True,13,7,7,27,60,1
1964,Innsbruck,AUS,NOR,False,True,3,6,6,15,27,2
1964,Innsbruck,AUS,AUT,False,True,3,5,3,11,22,3
1964,Innsbruck,AUS,FIN,False,True,3,5,2,10,21,4
1964,Innsbruck,AUS,SWE,False,True,4,2,1,7,17,5
1964,Innsbruck,AUS,EUA,False,True,2,2,3,7,13,6
1964,Innsbruck,AUS,FRA,False,True,2,3,0,5,12,7
1964,Innsbruck,AUS,USA,False,True,1,2,4,7,11,8
1964,Innsbruck,AUS,CAN,False,True,1,1,1,3,6,9
1964,Innsbruck,AUS,ITA,False,True,0,1,3,4,5,10
1964,Innsbruck,AUS,NED,False,True,1,1,0,2,5,11
1964,Innsbruck,AUS,GBR,False,True,1,0,0,1,3,12
1964,Innsbruck,AUS,PRK,False,True,0,1,0,1,2,13
1964,Innsbruck,AUS,TCH,False,True,0,0,1,1,1,14
1960,Squaw Valley,USA,URS,False,True,5,7,10,22,39,1
1960,Squaw Valley,USA,EUA,False,True,4,3,1,8,19,2
1960,Squaw Valley,USA,FIN,False,True,3,3,3,9,18,3
1960,Squaw Valley,USA,NOR,False,True,3,4,0,7,17,4
1960,Squaw Valley,USA,USA,False,True,2,4,3,9,17,5
1960,Squaw Valley,USA,SWE,False,True,3,2,2,7,15,6
1960,Squaw Valley,USA,AUT,False,True,1,2,3,6,10,7
1960,Squaw Valley,USA,CAN,False,True,2,1,1,4,9,8
1960,Squaw Valley,USA,FRA,False,True,1,0,2,3,5,9
1960,Squaw Valley,USA,NED,False,True,0,1,1,2,3,10
1960,Squaw Valley,USA,POL,False,True,0,1,1,2,3,11
1960,Squaw Valley,USA,SUI,False,True,1,0,0,1,3,12
1960,Squaw Valley,USA,TCH,False,True,0,1,0,1,2,13
1960,Squaw Valley,USA,ITA,False,True,0,0,1,1,1,14
1960,Rome,ITA,URS,True,False,47,29,31,107,230,1
1960,Rome,ITA,USA,True,False,41,19,16,76,177,2
1960,Rome,ITA,EUA,True,False,13,22,12,47,95,3
1960,Rome,ITA,ITA,True,False,15,11,18,44,85,4
1960,Rome,ITA,AUS,True,False,9,12,8,29,59,5
1960,Rome,ITA,HUN,True,False,10,8,7,25,53,6
1960,Rome,ITA,JPN,True,False,8,8,8,24,48,7
1960,Rome,ITA,POL,True,False,4,6,11,21,35,8
1960,Rome,ITA,GBR,True,False,2,7,13,22,33,9
1960,Rome,ITA,TUR,True,False,7,2,0,9,25,10
1960,Rome,ITA,TCH,True,False,3,3,3,9,18,11
1960,Rome,ITA,ROU,True,False,3,1,6,10,17,12
1960,Rome,ITA,DEN,True,False,2,3,2,7,14,13
1960,Rome,ITA,SWE,True,False,2,2,3,7,13,14
1960,Rome,ITA,BUL,True,False,1,3,3,7,12,15
1960,Rome,ITA,SUI,True,False,0,4,3,7,11,16
1960,Rome,ITA,FIN,True,False,1,1,3,5,8,17
1960,Rome,ITA,FRA,True,False,0,2,3,5,7,18
1960,Rome,ITA,NZL,True,False,2,0,1,3,7,19
1960,Rome,ITA,BEL,True,False,0,2,2,4,6,20
1960,Rome,ITA,AUT,True,False,1,1,0,2,5,21
1960,Rome,ITA,IRI,True,False,0,1,3,4,5,22
1960,Rome,ITA,YUG,True,False,1,1,0,2,5,23
1960,Rome,ITA,NED,True,False,0,1,2,3,4,24
1960,Rome,ITA,PAK,True,False,1,0,1,2,4,25
1960,Rome,ITA,RSA,True,False,0,1,2,3,4,26
1960,Rome,ITA,ARG,True,False,0,1,1,2,3,27
1960,Rome,ITA,EGY,True,False,0,1,1,2,3,28
1960,Rome,ITA,ETH,True,False,1,0,0,1,3,29
1960,Rome,ITA,GRE,True,False,1,0,0,1,3,30
1960,Rome,ITA,NOR,True,False,1,0,0,1,3,31
1960,Rome,ITA,BRA,True,False,0,0,2,2,2,32
1960,Rome,ITA,CAN,True,False,0,1,0,1,2,33
1960,Rome,ITA,GHA,True,False,0,1,0,1,2,34
1960,Rome,ITA,IND,True,False,0,1,0,1,2,35
1960,Rome,ITA,MAR,True,False,0,1,0,1,2,36
1960,Rome,ITA,POR,True,False,0,1,0,1,2,37
1960,Rome,ITA,SGP,True,False,0,1,0,1,2,38
1960,Rome,ITA,TPE,True,False,0,1,0,1,2,39
1960,Rome,ITA,BWI,True,False,0,0,1,1,1,40
1960,Rome,ITA,ESP,True,False,0,0,1,1,1,41
1960,Rome,ITA,IRQ,True,False,0,0,1,1,1,42
1960,Rome,ITA,MEX,True,False,0,0,1,1,1,43
1960,Rome,ITA,VEN,True,False,0,0,1,1,1,44
